Day,Time,Altitude,Azimuth,BeamLux,DiffuseLux,DeltaMaxDose,DeltaAvgDose,MaxDose,AvgDose,MinDose,DoseVariance,Coverage,AvgSensorLux,AvgSensorDose,AvgSensorErrorPct,DeltaAvgDirectDose,DeltaAvgIndirectDose,DeltaMaxDirectDose,DeltaMaxIndirectDose,DirectCoverage
355,2026-12-21 09:23,4.207698,129.091,18984.53,2388.605,41.85027,6.451295,41.85027,6.451295,2.68891,32.99325,55.88728,0,0,0,0,6.451295,0,41.85027,0
355,2026-12-21 09:53,8.192046,134.7317,34865.14,3959.905,61.29468,10.69008,93.26618,17.14137,2.689576,89.84174,77.06583,0,0,0,0,10.69008,0,61.29468,0
355,2026-12-21 10:23,11.7952,140.682,45467.09,5030.603,79.54678,13.39114,153.59,30.53251,2.690317,141.8199,87.67136,0,0,0,0,13.39114,0,79.54678,0
355,2026-12-21 10:53,14.95621,146.9621,52595.51,5799.423,100.5677,15.24996,215.1479,45.78247,2.690317,182.7945,91.22228,0,0,0,0,15.24996,0,100.5677,0
355,2026-12-21 11:23,17.61228,153.5729,57456.1,6358.043,102.6651,16.60583,280.5151,62.3883,2.690317,216.7256,93.3493,2898.008,1449.004,12.01161,0,16.60583,0,102.6651,0
355,2026-12-21 11:53,19.70234,160.4901,60724.91,6753.64,121.5186,17.59107,385.4252,79.97937,2.690317,241.7224,94.75845,7477.217,5187.612,7.617764,0,17.59107,0,121.5186,0
355,2026-12-21 12:23,21.17195,167.6616,62782.3,7012.19,136.1288,18.26838,422.1528,98.24775,2.690317,256.7894,95.76878,12519.2,11447.21,6.010408,0,18.26838,0,136.1288,0
355,2026-12-21 12:53,21.97899,175.0076,63837.82,7147.988,122.0681,18.58249,448.5829,116.8302,2.690317,269.3061,96.51028,17346.51,20120.47,5.29884,0,18.58249,0,122.0681,0
355,2026-12-21 13:23,22.09882,182.4275,63990.35,7167.796,119.9754,18.58634,492.0215,135.4166,2.690317,269.3899,97.1277,21521.63,30881.29,4.658048,0,18.58634,0,119.9754,0
355,2026-12-21 13:53,21.52768,189.8112,63253.71,7072.566,113.8811,18.38769,575.0336,153.8043,2.690317,262.3216,97.63287,24962.63,43362.6,4.66847,0,18.38769,0,113.8812,0
355,2026-12-21 14:23,20.28324,197.0533,61560.07,6857.648,113.7367,17.83048,657.2812,171.6348,2.690317,248.1591,98.02282,27379.13,57052.16,4.576121,0,17.83048,0,113.7367,0
355,2026-12-21 14:53,18.40212,204.0658,58742.8,6511.668,101.1331,16.85775,687.7065,188.4925,2.690317,223.7084,98.35073,28643.57,71373.95,4.286012,0,16.85775,0,101.1331,0
355,2026-12-21 15:23,15.93512,210.7867,54490.54,6013.396,98.25699,15.54955,721.9648,204.0421,2.690317,188.2731,98.64911,28790.59,85769.23,4.097241,0,15.54955,0,98.25699,0
355,2026-12-21 15:53,12.94163,217.1822,48249.66,5324.634,88.44138,13.80183,756.1066,217.8439,2.690317,148.6898,98.90317,27858.54,99698.51,4.154696,0,13.80183,0,88.44138,0
355,2026-12-21 16:23,9.484347,223.245,39031,4373.327,81.77686,11.39032,775.296,229.2342,2.690317,100.2771,99.1395,25800.11,112598.6,4.161582,0,11.39032,0,81.77679,0
355,2026-12-21 16:53,5.625162,228.9894,25166.06,3009.23,49.63104,7.821989,797.1837,237.0562,2.690317,48.10881,99.172,22779.46,123988.3,4.49291,0,7.821989,0,49.63104,0
355,2026-12-21 17:23,1.422525,234.4458,6430.693,901.671,15.96939,2.348147,807.707,239.4043,1.024992,4.300931,99.20154,18851.79,133414.2,4.924485,0,2.348147,0,15.96939,0
356,2026-12-22 09:24,4.268214,129.1724,19258.52,2416.778,47.02502,6.565733,820.8774,245.9701,1.024992,33.85498,99.30198,14262.81,140545.6,5.899645,0,6.565733,0,47.02502,0
356,2026-12-22 09:54,8.24748,134.8174,35053.14,3978.426,72.577,10.74261,858.8087,256.7127,1.024992,89.03213,99.51173,9266.456,145178.8,7.522956,0,10.74261,0,72.57703,0
356,2026-12-22 10:24,11.84469,140.7722,45592.38,5043.695,81.242,13.41463,903.8324,270.1273,1.024992,140.6795,99.82487,723.5141,147735,18.51585,0,13.41463,0,81.242,0
356,2026-12-22 10:54,14.99886,147.0572,52680.81,5808.958,102.7751,15.24075,945.5283,285.3681,1.024992,183.0847,99.94895,723.5141,147735,18.51585,0,15.24075,0,102.7751,0
356,2026-12-22 11:24,17.64717,153.6726,57514.34,6364.943,115.2566,16.61732,983.687,301.9854,1.024992,215.8062,100,2965.231,149217.6,12.24647,0,16.61732,0,115.2566,0
356,2026-12-22 11:54,19.72862,160.594,60763.34,6758.398,101.4248,17.56114,1024.116,319.5465,1.024992,239.8363,100,7561.255,152998.3,7.747717,0,17.56114,0,101.4248,0
356,2026-12-22 12:24,21.18891,167.7686,62805,7015.087,114.2711,18.17044,1077.141,337.717,1.024992,260.1643,100,12616.54,159306.5,6.198779,0,18.17044,0,114.2711,0
356,2026-12-22 12:54,21.98613,175.1165,63846.94,7149.169,113.0114,18.53868,1140.31,356.2556,1.024992,269.3893,100,17441.16,168027.1,5.459466,0,18.53868,0,113.0114,0
356,2026-12-22 13:24,22.09592,182.5367,63986.68,7167.319,128.9907,18.61148,1192.093,374.8671,1.024992,268.0815,100,21679.73,178867,5.148467,0,18.61148,0,128.9907,0
356,2026-12-22 13:54,21.51485,189.9192,63236.89,7070.403,110.8934,18.28284,1243.631,393.15,1.024992,261.9149,100,25053.03,191393.5,4.864718,0,18.28284,0,110.8933,0
356,2026-12-22 14:24,20.26089,197.1585,61528.48,6853.689,107.9634,17.6422,1268.85,410.7922,1.024992,242.0779,100,27450.92,205118.9,4.74235,0,17.6422,0,107.9634,0
356,2026-12-22 14:54,18.37088,204.1673,58693.13,6505.69,94.54962,16.74822,1284.664,427.5404,1.024992,218.8544,100,28791.73,219514.8,4.782025,0,16.74822,0,94.54962,0
356,2026-12-22 15:24,15.8958,210.8837,54416.89,6004.993,107.8046,15.5034,1389.238,443.0438,1.024992,187.2977,100,28895.21,233962.4,4.492972,0,15.5034,0,107.8046,0
356,2026-12-22 15:54,12.89514,217.2745,48141.49,5313.07,89.22839,13.73417,1446.742,456.778,1.024992,147.3698,100,27913.29,247919,4.43912,0,13.73417,0,89.22839,0
356,2026-12-22 16:24,9.431584,223.3326,38869.49,4357.159,68.4613,11.29057,1464.78,468.0685,1.024992,99.91631,100,25895.59,260866.8,4.696902,0,11.29057,0,68.4613,0
356,2026-12-22 16:54,5.567009,229.0727,24923.31,2985.284,49.5097,7.755043,1488.102,475.8236,1.024992,47.60911,100,22815.23,272274.4,4.892951,0,7.755043,0,49.5097,0
356,2026-12-22 17:24,1.3598,234.5253,6181.431,863.6946,14.6825,2.253078,1494.298,478.0767,0.9877743,4.001297,100,18828.56,281688.7,5.148284,0,2.253078,0,14.68237,0
357,2026-12-23 09:24,4.205147,129.0772,18972.96,2387.415,41.35693,6.454539,1513.063,484.5312,1.024992,33.20609,100,14154.5,288765.9,5.629461,0,6.454539,0,41.35693,0
357,2026-12-23 09:54,8.190634,134.7175,34860.34,3959.433,62.7135,10.57511,1524.8,495.1063,1.024992,88.75589,100,9154.729,293343.3,7.096489,0,10.57511,0,62.7135,0
357,2026-12-23 10:24,11.79506,140.6674,45466.73,5030.565,99.48132,13.31033,1549.491,508.4166,1.024992,140.2507,100,682.867,295832.8,18.03333,0,13.31033,0,99.48132,0
357,2026-12-23 10:54,14.95747,146.9472,52598.04,5799.705,106.9125,15.30225,1591.614,523.7189,1.024992,185.4067,100,682.867,295832.8,18.03333,0,15.30225,0,106.9126,0
357,2026-12-23 11:24,17.61506,153.5578,57460.74,6358.593,120.4355,16.64757,1621.951,540.3665,1.024992,218.563,100,2872.694,297269.1,11.13138,0,16.64757,0,120.4355,0
357,2026-12-23 11:54,19.70672,160.4751,60731.32,6754.433,111.5718,17.64018,1654.257,558.0067,1.024992,243.7977,100,7468.392,301003.3,7.518139,0,17.64018,0,111.5717,0
357,2026-12-23 12:24,21.17798,167.6469,62790.38,7013.222,116.8822,18.27385,1708.072,576.2805,1.120554,262.0483,100,12535.07,307270.8,6.146562,0,18.27385,0,116.8823,0
357,2026-12-23 12:54,21.98668,174.9935,63847.65,7149.261,112.0598,18.57294,1761.544,594.8534,1.120554,269.9108,100,17363.02,315952.3,5.386804,0,18.57294,0,112.0599,0
357,2026-12-23 13:24,22.10811,182.4143,64002.14,7169.329,113.6655,18.61694,1820.438,613.4703,1.120554,270.7575,100,21562.97,326733.8,4.837017,0,18.61693,0,113.6655,0
357,2026-12-23 13:54,21.53847,189.7992,63267.86,7074.383,112.4814,18.25571,1870.251,631.7261,1.120554,262.1903,100,24940.37,339204,4.544763,0,18.25571,0,112.4813,0
357,2026-12-23 14:24,20.29539,197.0426,61577.22,6859.796,137.877,17.70959,1889.245,649.4357,1.120554,243.972,100,27318.63,352863.3,4.306751,0,17.70959,0,137.877,0
357,2026-12-23 14:54,18.41545,204.0566,58763.95,6514.216,123.8486,16.87579,1941.146,666.3114,1.120554,222.1155,100,28627,367176.8,4.179196,0,16.87579,0,123.8486,0
357,2026-12-23 15:24,15.94946,210.7789,54517.35,6016.456,92.55408,15.57784,1999.484,681.8893,1.120554,191.0474,100,28787.51,381570.6,4.030384,0,15.57784,0,92.55408,0
357,2026-12-23 15:54,12.95681,217.1759,48284.88,5328.401,94.9436,13.87118,2044.01,695.7604,1.120554,151.9242,100,27846.74,395493.9,4.043721,0,13.87118,0,94.94348,0
357,2026-12-23 16:24,9.500203,223.2401,39079.4,4378.175,73.25635,11.44177,2080.73,707.2022,1.120554,102.8819,100,25866.88,408427.4,4.34997,0,11.44177,0,73.25635,0
357,2026-12-23 16:54,5.641563,228.9858,25234.35,3015.962,49.48291,7.872828,2091.544,715.0751,1.120554,48.77518,100,22804.4,419829.6,4.50704,0,7.872828,0,49.48303,0
357,2026-12-23 17:24,1.43936,234.4434,6498.169,911.831,14.50623,2.381256,2093.758,717.4563,1.062961,4.49122,100,18819.46,429239.3,4.616383,0,2.381256,0,14.50623,0
358,2026-12-24 09:25,4.278189,129.1491,19303.61,2421.407,41.35547,6.539208,2096.774,723.9955,1.120554,34.31758,100,14188.61,436333.7,5.175104,0,6.539208,0,41.35559,0
358,2026-12-24 09:55,8.25917,134.7944,35092.68,3982.322,79.22107,10.64104,2127.626,734.6365,1.120554,90.41513,100,9211.762,440939.5,6.627647,0,10.64104,0,79.22107,0
358,2026-12-24 10:25,11.85823,140.7497,45626.57,5047.271,93.19495,13.47215,2168.674,748.1087,1.120554,143.1849,100,721.3818,443473.6,16.51304,0,13.47215,0,93.19495,0
358,2026-12-24 10:55,15.01437,147.0354,52711.76,5812.419,92.78284,15.33951,2207.654,763.4482,1.120554,187.0252,100,721.3818,443473.6,16.51304,0,15.33951,0,92.78271,0
358,2026-12-24 11:25,17.66471,153.6519,57543.57,6368.406,122.1627,16.72096,2259.837,780.1692,1.120554,221.9246,100,2951.089,444949.1,11.33093,0,16.72096,0,122.1627,0
358,2026-12-24 11:55,19.74819,160.5747,60791.92,6761.939,105.2979,17.71667,2316.603,797.8859,1.120554,245.0748,100,7553.478,448725.8,7.411826,0,17.71667,0,105.2979,0
358,2026-12-24 12:25,21.21046,167.7512,62833.81,7018.766,120.9313,18.29641,2342.125,816.1823,1.120554,261.7043,100,12615.04,455033.3,6.013377,0,18.29641,0,120.9313,0
358,2026-12-24 12:55,22.00951,175.1013,63876.78,7153.042,111.3273,18.63395,2376.086,834.8162,1.120554,268.776,100,17432.12,463749.4,5.255103,0,18.63395,0,111.3273,0
358,2026-12-24 13:25,22.12093,182.5242,64018.39,7171.443,119.3214,18.55197,2433.663,853.3682,1.120554,269.6772,100,21663.82,474581.3,4.931977,0,18.55197,0,119.3213,0
358,2026-12-24 13:55,21.54122,189.9094,63271.47,7074.848,140.5715,18.29622,2502.409,871.6644,1.120554,264.8336,100,25067.75,487115.2,4.790535,0,18.29622,0,140.5714,0
358,2026-12-24 14:25,20.28833,197.1518,61567.25,6858.547,124.4771,17.66161,2560.391,889.326,1.120554,245.8934,100,27511.62,500871,4.836826,0,17.66161,0,124.4771,0
358,2026-12-24 14:55,18.3991,204.1634,58738,6511.089,98.10767,16.76182,2631.759,906.0878,1.120554,221.7741,100,28875.17,515308.6,4.943302,0,16.76182,0,98.10767,0
358,2026-12-24 15:25,15.92454,210.8825,54470.73,6011.135,107.8022,15.59712,2675.219,921.6849,1.120554,191.8006,100,29106.81,529862,5.106606,0,15.59712,0,107.8021,0
358,2026-12-24 15:55,12.92415,217.2758,48209.03,5320.289,89.79504,13.81224,2707.16,935.4972,1.120554,148.9593,100,28131.1,543927.5,5.088957,0,13.81224,0,89.79504,0
358,2026-12-24 16:25,9.460697,223.3363,38958.7,4366.087,75.79224,11.33641,2733.617,946.8336,1.120554,99.79875,100,26046.05,556950.6,5.120276,0,11.33641,0,75.79224,0
358,2026-12-24 16:55,5.596086,229.0785,25044.81,2997.272,47.51575,7.817198,2770.093,954.6508,1.120554,47.62476,100,22902.62,568401.9,5.080754,0,7.817198,0,47.51587,0
358,2026-12-24 17:25,1.388748,234.5329,6296.037,881.2441,13.76721,2.297539,2779.833,956.9483,1.056541,4.173296,100,18892.78,577848.3,5.247769,0,2.297539,0,13.76733,0
359,2026-12-25 09:25,4.227743,129.0446,19075.37,2397.955,46.28162,6.487649,2785.768,963.436,1.120554,33.79734,100,14210.7,584953.6,5.713725,0,6.487649,0,46.28162,0
359,2026-12-25 09:55,8.215501,134.686,34944.79,3967.751,67.17664,10.58722,2814.753,974.0232,1.120554,89.53278,100,9176.837,589542.1,6.872383,0,10.58722,0,67.17664,0
359,2026-12-25 10:25,11.82234,140.6372,45535.86,5037.788,84.59351,13.38277,2863.149,987.4059,1.120554,141.13,100,700.0602,592057.7,18.01184,0,13.38277,0,84.59338,0
359,2026-12-25 10:55,14.98726,146.9187,52657.64,5806.366,103.4727,15.35858,2905.07,1002.765,1.120554,185.2046,100,700.0602,592057.7,18.01184,0,15.35858,0,103.4727,0
359,2026-12-25 11:25,17.64738,153.5316,57514.68,6364.982,112.7645,16.73395,2965.634,1019.498,1.120554,220.1298,100,2913.284,593514.3,11.82427,0,16.73395,0,112.7646,0
359,2026-12-25 11:55,19.74148,160.4517,60782.13,6760.725,118.7501,17.70108,3001.194,1037.2,1.120554,243.8576,100,7533.137,597280.9,7.965265,0,17.70108,0,118.7501,0
359,2026-12-25 12:25,21.21502,167.6269,62839.91,7019.545,117.66,18.26394,3039.463,1055.464,1.120554,260.8265,100,12622.98,603592.4,6.539469,0,18.26394,0,117.66,0
359,2026-12-25 12:55,22.02571,174.9774,63897.43,7155.722,111.0542,18.54678,3117.37,1074.01,1.120554,267.5148,100,17423.87,612304.3,5.467055,0,18.54678,0,111.0542,0
359,2026-12-25 13:25,22.14878,182.4026,64053.63,7176.029,112.3197,18.47651,3175.098,1092.487,1.120554,264.7545,100,21585.8,623097.2,4.691284,0,18.47651,0,112.3197,0
359,2026-12-25 13:55,21.58034,189.7919,63322.67,7081.434,120.8879,18.17489,3230.589,1110.662,1.120554,259.1013,100,24923.69,635559.1,4.234546,0,18.17488,0,120.8879,0
359,2026-12-25 14:25,20.33803,197.0399,61637.33,6867.333,114.7791,17.75627,3308.275,1128.418,1.120554,245.8236,100,27357.31,649237.8,4.219952,0,17.75627,0,114.7788,0
359,2026-12-25 14:55,18.45845,204.0582,58832.09,6522.427,126.8059,16.91139,3386.942,1145.329,1.120554,224.0782,100,28673.14,663574.3,4.111324,0,16.91139,0,126.8059,0
359,2026-12-25 15:25,15.99247,210.7845,54597.6,6025.624,111.5566,15.55377,3438.031,1160.883,1.120554,188.9772,100,28926.86,678037.7,4.289579,0,15.55377,0,111.5566,0
359,2026-12-25 15:55,12.99953,217.1851,48383.82,5338.992,86.97998,13.83183,3450.921,1174.715,1.120554,149.0352,100,28048.13,692061.8,4.535707,0,13.83183,0,86.97998,0
359,2026-12-25 16:25,9.542432,223.2525,39208,4391.061,70.55908,11.43517,3461.54,1186.15,1.120554,102.3203,100,26041.07,705082.3,4.766785,0,11.43517,0,70.55908,0
359,2026-12-25 16:55,5.683163,229.0011,25407.18,3032.994,47.55273,7.875946,3479.969,1194.026,1.120554,48.55685,100,22966.65,716565.6,4.9259,0,7.875946,0,47.55273,0
359,2026-12-25 17:25,1.480259,234.4611,6663.089,936.4567,15.8103,2.421842,3492.393,1196.448,1.090549,4.620827,100,18971.01,726051.1,5.073148,0,2.421842,0,15.8103,0
360,2026-12-26 09:25,4.183604,128.9356,18875.23,2377.344,44.89453,6.379223,3524.074,1202.827,1.090549,32.51329,100,14338.7,733220.4,5.796423,0,6.379223,0,44.89453,0
360,2026-12-26 09:55,8.178392,134.5735,34818.7,3955.333,73.32178,10.64512,3547.654,1213.472,1.090549,89.12768,100,9302.131,737871.6,6.97816,0,10.64512,0,73.32178,0
360,2026-12-26 10:25,11.79326,140.521,45462.18,5030.089,102.7139,13.42632,3565.784,1226.899,1.090549,141.4711,100,759.799,740468.9,18.65318,0,13.42632,0,102.7139,0
360,2026-12-26 10:55,14.96722,146.7989,52617.55,5801.885,103.3503,15.33075,3593.874,1242.229,1.090549,183.2872,100,759.799,740468.9,18.65318,0,15.33074,0,103.3503,0
360,2026-12-26 11:25,17.63731,153.4088,57497.89,6362.995,100.4734,16.70212,3616.635,1258.931,1.090549,217.1097,100,2882.363,741910.1,12.34335,0,16.70212,0,100.4734,0
360,2026-12-26 11:55,19.74223,160.3269,60783.22,6760.86,122.1343,17.64826,3648.266,1276.58,1.090549,244.1151,100,7504.82,745662.5,8.281807,0,17.64826,0,122.134,0
360,2026-12-26 12:25,21.22717,167.5014,62856.13,7021.618,120.2024,18.23892,3707.365,1294.819,1.090549,262.131,100,12598.6,751961.8,6.70772,0,18.23892,0,120.2024,0
360,2026-12-26 12:55,22.04956,174.8532,63927.79,7159.665,136.0688,18.49874,3784.881,1313.317,1.120554,270.5809,100,17407.27,760665.4,5.560798,0,18.49874,0,136.0686,0
360,2026-12-26 13:25,22.18425,182.2814,64098.46,7181.866,120.5125,18.50623,3845.21,1331.824,1.120554,268.173,100,21667.44,771499.2,5.167353,0,18.50623,0,120.5122,0
360,2026-12-26 13:55,21.62701,189.6758,63383.59,7089.276,118.6492,18.4024,3870.692,1350.226,1.120554,263.0389,100,25041.41,784019.9,4.721694,0,18.4024,0,118.6494,0
360,2026-12-26 14:25,20.39513,196.9301,61717.57,6877.404,135.6396,17.82727,3911.363,1368.053,1.120554,247.3255,100,27510.79,797775.3,4.727535,0,17.82727,0,135.6396,0
360,2026-12-26 14:55,18.525,203.9558,58937.15,6535.104,111.1111,16.88394,3942.55,1384.937,1.120554,222.1758,100,28869.7,812210.1,4.68052,0,16.88394,0,111.1111,0
360,2026-12-26 15:25,16.06733,210.6899,54736.73,6041.538,98.38184,15.66795,3993.877,1400.605,1.120554,189.0641,100,29127.73,826774,4.800027,0,15.66795,0,98.38159,0
360,2026-12-26 15:55,13.08157,217.0983,48572.91,5359.26,89.47583,13.83023,4039.479,1414.435,1.120554,149.8813,100,28179.28,840863.6,4.734382,0,13.83023,0,89.47559,0
360,2026-12-26 16:25,9.630534,223.1732,39474.86,4417.829,72.3938,11.42071,4049.803,1425.856,1.120554,102.7699,100,26085.92,853906.6,4.566168,0,11.42071,0,72.39404,0
360,2026-12-26 16:55,5.776316,228.9285,25792.34,3070.912,53.48877,7.925214,4068.332,1433.781,1.120554,49.92073,100,23027.99,865420.6,4.706135,0,7.925214,0,53.48877,0
360,2026-12-26 17:25,1.577565,234.3945,7060.857,994.7151,15.45728,2.588616,4073.252,1436.37,1.120554,5.288218,100,19047.27,874944.2,4.827684,0,2.588617,0,15.45728,0
361,2026-12-27 09:26,4.276047,128.9939,19293.93,2420.413,41.62939,6.589666,4086.062,1442.96,1.120554,34.47187,100,14418.52,882153.5,5.44843,0,6.589665,0,41.62939,0
361,2026-12-27 09:56,8.267156,134.6379,35119.66,3984.982,82.62476,10.68729,4102.328,1453.647,1.120554,90.51267,100,9409.677,886858.3,6.772503,0,10.68729,0,82.62476,0
361,2026-12-27 10:26,11.87749,140.5922,45675.14,5052.352,91.67212,13.44823,4114.75,1467.095,4.065086,142.5168,100,819.4016,889533.8,18.45437,0,13.44823,0,91.67212,0
361,2026-12-27 10:56,15.04595,146.8776,52774.71,5819.463,98.60303,15.39204,4157.142,1482.487,4.065086,185.6693,100,819.4016,889533.8,18.45437,0,15.39204,0,98.60303,0
361,2026-12-27 11:26,17.70952,153.4951,57618.09,6377.243,109.6428,16.65637,4211.305,1499.143,4.065086,217.5539,100,2950.361,891009,11.38494,0,16.65637,0,109.6428,0
361,2026-12-27 11:56,19.80684,160.4209,60877.34,6772.531,109.3723,17.64071,4262.54,1516.784,4.065086,242.2215,100,7572.284,894795.2,7.52558,0,17.64071,0,109.3721,0
361,2026-12-27 12:26,21.28318,167.6026,62930.77,7031.158,113.0601,18.24742,4287.619,1535.032,4.065086,261.4013,100,12633.39,901111.9,5.922389,0,18.24742,0,113.0601,0
361,2026-12-27 12:56,22.09611,174.9604,63986.91,7167.35,119.6526,18.56248,4323.16,1553.594,4.065086,272.17,100,17492.39,909858,5.314254,0,18.56248,0,119.6523,0
361,2026-12-27 13:26,22.22072,182.3933,64144.45,7187.857,116.1584,18.58505,4358.396,1572.179,4.065086,270.9683,100,21693.33,920704.7,4.720068,0,18.58505,0,116.1584,0
361,2026-12-27 13:56,21.6531,189.7906,63417.59,7093.656,118.823,18.29322,4383.981,1590.472,4.065086,261.2394,100,25065.18,933237.3,4.374916,0,18.29322,0,118.823,0
361,2026-12-27 14:26,20.41089,197.0462,61739.66,6880.179,113.4844,17.80317,4417.493,1608.276,4.065086,248.814,100,27475.4,946975,4.239152,0,17.80317,0,113.4844,0
361,2026-12-27 14:56,18.53075,204.0716,58946.22,6536.198,108.5989,16.94995,4441.283,1625.225,4.065086,223.5017,100,28856.13,961403,4.350525,0,16.94995,0,108.5986,0
361,2026-12-27 15:26,16.06368,210.8044,54729.96,6040.763,95.16968,15.5942,4477.543,1640.82,4.065086,189.181,100,29077.44,975941.8,4.400616,0,15.5942,0,95.16992,0
361,2026-12-27 15:56,13.06927,217.2107,48544.64,5356.227,81.49121,13.83457,4522.861,1654.654,4.065086,150.2296,100,28192.18,990037.8,4.620673,0,13.83457,0,81.4917,0
361,2026-12-27 16:26,9.610443,223.2831,39414.17,4411.739,75.78931,11.44149,4560.175,1666.096,4.065086,102.7796,100,26130.49,1003103,4.639974,0,11.44149,0,75.78931,0
361,2026-12-27 16:56,5.749317,229.0359,25680.97,3059.953,49.45947,7.95428,4582.349,1674.05,4.526184,49.60858,100,23099.97,1014653,4.99029,0,7.954279,0,49.45947,0
361,2026-12-27 17:26,1.544535,234.4998,6925.01,974.9916,15.29517,2.550897,4588.451,1676.601,1.141657,5.087763,100,19139.14,1024223,5.365827,0,2.550897,0,15.29541,0
362,2026-12-28 09:26,4.244895,128.8762,19153.03,2405.941,41.22119,6.510848,4602.992,1683.112,4.526184,33.4642,100,14455.53,1031450,5.858983,0,6.510849,0,41.22119,0
362,2026-12-28 09:56,8.24355,134.5174,35039.84,3977.115,67.03516,10.66112,4627.006,1693.773,4.526184,89.93098,100,9400.565,1036151,6.994771,0,10.66112,0,67.03516,0
362,2026-12-28 10:26,11.86243,140.4689,45637.16,5048.378,86.32788,13.46021,4670.036,1707.233,4.526184,141.6768,100,796.7687,1038806,18.18826,0,13.46021,0,86.32788,0
362,2026-12-28 10:56,15.04041,146.7518,52763.69,5818.229,93.47681,15.32871,4705.764,1722.562,4.526184,184.7574,100,796.7687,1038806,18.18826,0,15.32871,0,93.47681,0
362,2026-12-28 11:26,17.7144,153.3675,57626.2,6378.204,109.374,16.65076,4713.245,1739.213,4.526184,220.6442,100,2904.824,1040259,10.84278,0,16.65076,0,109.374,0
362,2026-12-28 11:56,19.82288,160.2926,60900.66,6775.422,101.8955,17.6144,4721.192,1756.827,4.526184,247.1847,100,7508.491,1044013,7.071246,0,17.6144,0,101.8955,0
362,2026-12-28 12:26,21.31086,167.4753,62967.57,7035.865,118.8809,18.2332,4754.179,1775.06,4.526184,260.2629,100,12632.73,1050329,6.108553,0,18.2332,0,118.8809,0
362,2026-12-28 12:56,22.13558,174.836,64036.94,7173.856,114.9785,18.59628,4796.765,1793.656,4.526184,268.5829,100,17467.72,1059063,5.218922,0,18.59628,0,114.9785,0
362,2026-12-28 13:26,22.27176,182.2737,64208.65,7196.229,118.2356,18.58703,4857.595,1812.244,4.526184,270.0002,100,21692.28,1069909,4.676452,0,18.58703,0,118.2356,0
362,2026-12-28 13:56,21.71512,189.6776,63498.18,7104.048,111.5325,18.39316,4926.334,1830.637,4.526184,265.0262,100,25111.22,1082465,4.45621,0,18.39316,0,111.5322,0
362,2026-12-28 14:26,20.48298,196.9411,61840.47,6892.854,112.1577,17.88242,4968.588,1848.519,4.526184,248.9007,100,27479.71,1096205,4.08152,0,17.88243,0,112.1577,0
362,2026-12-28 14:56,18.6118,203.9753,59073.54,6551.585,111.2402,16.862,5000.453,1865.381,4.526184,224.0671,100,28793.15,1110602,3.88631,0,16.862,0,111.2402,0
362,2026-12-28 15:26,16.15249,210.7172,54894.13,6059.572,94.01294,15.65516,5015.026,1881.036,4.526184,193.8291,100,29020.88,1125112,3.893826,0,15.65516,0,94.0127,0
362,2026-12-28 15:56,13.16463,217.1323,48763.19,5379.689,96.56665,13.88183,5040.842,1894.918,4.526184,154.3672,100,28113.07,1139169,3.946002,0,13.88183,0,96.56665,0
362,2026-12-28 16:26,9.711234,223.213,39717.6,4442.21,73.42993,11.50441,5088.553,1906.422,4.526184,104.8747,100,26091.96,1152215,4.0092,0,11.50441,0,73.42993,0
362,2026-12-28 16:56,5.854528,228.9733,26113.71,3102.514,55.74072,8.068733,5125.568,1914.491,4.526184,51.40213,100,23066.45,1163748,4.234488,0,8.068733,0,55.74072,0
362,2026-12-28 17:26,1.653294,234.4438,7375.366,1039.73,16.24512,2.702289,5130.561,1917.193,4.526184,5.730588,100,19123.12,1173309,4.491956,0,2.702288,0,16.24561,0
363,2026-12-29 09:26,4.220206,128.7542,19041.22,2394.441,45.49438,6.473498,5130.561,1923.667,4.526184,32.90443,100,14500.22,1180559,5.107146,0,6.473499,0,45.49438,0
363,2026-12-29 09:56,8.226637,134.3932,34982.55,3971.471,78.42871,10.63441,5145.135,1934.301,4.526184,89.86095,100,9496.501,1185308,6.453781,0,10.63441,0,78.42871,0
363,2026-12-29 10:26,11.85429,140.3423,45616.62,5046.229,86.46338,13.40759,5194.087,1947.709,4.526184,141.8859,100,9496.501,1185308,6.453781,0,13.40759,0,86.46362,0
363,2026-12-29 10:56,15.04202,146.6232,52766.88,5818.586,97.40674,15.38924,5234.818,1963.098,4.526184,189.5086,100,858.0552,1188040,17.11591,0,15.38924,0,97.40674,0
363,2026-12-29 11:26,17.72662,153.2376,57646.46,6380.609,94.0835,16.68298,5304.911,1979.781,4.526184,220.6287,100,2888.25,1189484,11.15227,0,16.68298,0,94.08325,0
363,2026-12-29 11:56,19.8464,160.1628,60934.8,6779.662,106.1226,17.67657,5379.118,1997.458,4.526184,245.6921,100,7503.422,1193235,7.324258,0,17.67657,0,106.1226,0
363,2026-12-29 12:26,21.34612,167.3472,63014.35,7041.856,127.6162,18.36269,5413.044,2015.82,4.526184,265.0668,100,12568.1,1199519,5.669033,0,18.36269,0,127.6162,0
363,2026-12-29 12:56,22.18267,174.7115,64096.46,7181.605,127.3579,18.55464,5448.03,2034.375,4.526184,270.122,100,17436.87,1208238,5.017726,0,18.55464,0,127.3579,0
363,2026-12-29 13:26,22.33038,182.1549,64282.14,7205.825,129.4292,18.57688,5482.986,2052.952,4.526184,267.4832,100,21742.77,1219109,4.8236,0,18.57688,0,129.4292,0
363,2026-12-29 13:56,21.7846,189.5662,63588.11,7115.661,135.8691,18.31418,5517.244,2071.266,4.602531,258.8555,100,25193.73,1231706,4.637393,0,18.31418,0,135.8691,0
363,2026-12-29 14:26,20.56235,196.8385,61950.96,6906.766,104.6797,17.87222,5550.47,2089.138,7.655637,249.0799,100,27675.06,1245544,4.599091,0,17.87222,0,104.6797,0
363,2026-12-29 14:56,18.6999,203.8822,59211.18,6568.251,108.5239,16.948,5574.636,2106.086,7.655637,225.9284,100,29019.3,1260053,4.419354,0,16.948,0,108.5239,0
363,2026-12-29 15:26,16.24806,210.6337,55069.68,6079.727,110.0012,15.68886,5615.913,2121.775,7.655637,192.4202,100,29268.92,1274688,4.432265,0,15.68886,0,110.0012,0
363,2026-12-29 15:56,13.26646,217.0581,48994.83,5404.611,84.75098,13.95786,5685.592,2135.733,7.655637,151.8521,100,28410.34,1288893,4.616937,0,13.95786,0,84.75098,0
363,2026-12-29 16:26,9.818178,223.1475,40036.82,4474.322,75.68262,11.64413,5733.929,2147.377,7.655637,106.5746,100,26430.98,1302108,4.834109,0,11.64413,0,75.68262,0
363,2026-12-29 16:56,5.965583,228.9157,26566.86,3147.026,51.68677,8.189541,5748.946,2155.567,7.655637,53.24153,100,23410.99,1313814,5.133361,0,8.189541,0,51.68701,0
363,2026-12-29 17:26,1.767599,234.3932,7857.62,1107.13,20.03369,2.885088,5752.885,2158.452,7.655637,6.563054,100,19458.54,1323543,5.4768,0,2.885088,0,20.0332,0
364,2026-12-30 09:26,4.202021,128.6282,18958.79,2385.954,42.37744,6.461918,5770.414,2164.914,7.655637,33.15744,100,14795.89,1330941,6.096894,0,6.461918,0,42.37744,0
364,2026-12-30 09:56,8.216451,134.2652,34948,3968.068,66.68994,10.62846,5799.762,2175.542,7.655637,88.84322,100,9712.007,1335797,7.145377,0,10.62846,0,66.68994,0
364,2026-12-30 10:26,11.8531,140.2124,45613.61,5045.916,86.43604,13.43549,5830.275,2188.978,7.655637,143.8529,100,923.8836,1338626,16.07488,0,13.43549,0,86.43604,0
364,2026-12-30 10:56,15.05077,146.4918,52784.3,5820.537,113.8418,15.34027,5851.337,2204.318,7.655637,185.4957,100,923.8836,1338626,16.07488,0,15.34027,0,113.8418,0
364,2026-12-30 11:26,17.74617,153.1056,57678.88,6384.458,106.8066,16.69921,5859.009,2221.017,7.655637,220.2404,100,2898.02,1340075,12.23275,0,16.69921,0,106.8062,0
364,2026-12-30 11:56,19.87741,160.0315,60979.74,6785.243,118.4248,17.69652,5875.176,2238.714,7.655637,245.7154,100,7548.966,1343849,8.173666,0,17.69652,0,118.4248,0
364,2026-12-30 12:26,21.38896,167.2184,63071.05,7049.12,108.2695,18.35229,5892.307,2257.066,7.655637,262.4388,100,12653.35,1350176,6.401029,0,18.35229,0,108.2695,0
364,2026-12-30 12:56,22.23735,174.5872,64165.39,7190.587,133.4878,18.70149,5943.554,2275.768,7.655637,270.948,100,17546.85,1358949,5.595628,0,18.70149,0,133.4878,0
364,2026-12-30 13:26,22.39654,182.0371,64364.8,7216.63,114.4097,18.60544,6003.44,2294.373,7.655637,268.8773,100,21837.22,1369868,5.124169,0,18.60544,0,114.4097,0
364,2026-12-30 13:56,21.8615,189.4566,63687.23,7128.477,111.0894,18.36451,6045.333,2312.738,7.655637,262.6026,100,25289.13,1382512,4.819908,0,18.36451,0,111.0894,0
364,2026-12-30 14:26,20.64895,196.7383,62070.92,6921.899,107.2622,17.85708,6110.58,2330.594,7.655637,249.53,100,27736.76,1396381,4.562815,0,17.85707,0,107.2622,0
364,2026-12-30 14:56,18.79499,203.7922,59358.89,6586.17,126.4644,17.00425,6166.842,2347.599,7.655637,226.5263,100,29073,1410917,4.285332,0,17.00425,0,126.4644,0
364,2026-12-30 15:26,16.35035,210.5539,55256.3,6101.198,103.4624,15.73941,6204.822,2363.338,7.655637,194.7134,100,29352.24,1425593,4.336671,0,15.73941,0,103.4624,0
364,2026-12-30 15:56,13.37469,216.9882,49239.1,5430.95,91.69434,14.03672,6237.026,2377.375,7.655637,154.0004,100,28408.28,1439797,4.13939,0,14.03672,0,91.69482,0
364,2026-12-30 16:26,9.931202,223.0868,40371.17,4508.017,80.49951,11.63428,6275.305,2389.009,7.655637,106.3942,100,26455.72,1453025,4.363004,0,11.63428,0,80.5,0
364,2026-12-30 16:56,6.082402,228.8633,27039.5,3193.398,54.36133,8.264224,6320.672,2397.273,7.655637,53.81406,100,23443.99,1464747,4.578944,0,8.264222,0,54.36133,0
364,2026-12-30 17:26,1.887366,234.3479,8371.726,1177.04,18.63281,3.053895,6335.965,2400.327,7.655637,7.408924,100,19523.64,1474509,4.933093,0,3.053895,0,18.63281,0
365,2026-12-31 09:27,4.321213,128.67,19497.86,2441.321,39.22852,6.587706,6348.527,2406.915,7.655637,34.55706,100,14897.27,1481958,5.614162,0,6.587706,0,39.22852,0
365,2026-12-31 09:57,8.332969,134.3146,35341.38,4006.842,65.23877,10.79413,6386.703,2417.709,7.655637,93.40463,100,9834.36,1486875,6.702199,0,10.79413,0,65.23877,0
365,2026-12-31 10:27,11.96608,140.2705,45897.63,5075.648,92.27979,13.55736,6431.877,2431.267,7.655637,145.3897,100,1004.078,1489809,16.18034,0,13.55736,0,92.2793,0
365,2026-12-31 10:57,15.1592,146.5594,52999.23,5844.626,95.85938,15.47415,6452.775,2446.741,7.655637,188.1401,100,1004.078,1489809,16.18034,0,15.47415,0,95.85938,0
365,2026-12-31 11:27,17.84888,153.1835,57848.46,6404.614,99.92676,16.75784,6475.604,2463.499,7.655637,221.3131,100,2987.749,1491302,11.07767,0,16.75784,0,99.92627,0
365,2026-12-31 11:57,19.97314,160.1199,61117.94,6802.43,100.7351,17.65482,6500.115,2481.153,7.655637,244.0516,100,7640.672,1495123,7.233145,0,17.65482,0,100.7349,0
365,2026-12-31 12:27,21.47647,167.3171,63186.45,7063.924,117.2051,18.35012,6534.352,2499.503,7.655637,263.9006,100,12720.92,1501483,5.533691,0,18.35012,0,117.2051,0
365,2026-12-31 12:57,22.31547,174.6954,64263.47,7203.386,114.252,18.59918,6601.157,2518.103,7.655637,270.6905,100,17607.39,1510287,4.920103,0,18.59918,0,114.252,0
365,2026-12-31 13:27,22.46433,182.1534,64449.16,7227.671,114.8701,18.61854,6661.414,2536.721,7.655637,272.4121,100,21896.26,1521235,4.600203,0,18.61853,0,114.8701,0
365,2026-12-31 13:57,21.91833,189.5792,63760.2,7137.925,119.5142,18.43064,6687.482,2555.152,7.655637,267.0077,100,25368.32,1533919,4.491601,0,18.43064,0,119.5142,0
365,2026-12-31 14:27,20.69456,196.8654,62133.86,6929.846,117.54,17.91907,6703.612,2573.071,7.655637,250.7151,100,27827.24,1547833,4.355834,0,17.91907,0,117.54,0
365,2026-12-31 14:57,18.8295,203.9218,59412.29,6592.656,111.8872,17.14882,6727.189,2590.22,7.655637,230.5319,100,29198.73,1562432,4.270331,0,17.14881,0,111.8872,0
365,2026-12-31 15:27,16.3742,210.6845,55299.62,6106.189,99.05908,15.82244,6764.195,2606.042,7.655637,197.6106,100,29428.39,1577146,4.206757,0,15.82244,0,99.05908,0
365,2026-12-31 15:57,13.38854,217.1187,49270.23,5434.31,96.45117,14.03223,6796.69,2620.074,7.655637,156.167,100,28523.28,1591408,4.214969,0,14.03223,0,96.45117,0
365,2026-12-31 16:27,9.935894,223.2164,40384.98,4509.41,78.07227,11.70165,6807.366,2631.776,7.655637,107.4089,100,26495.17,1604656,4.220763,0,11.70165,0,78.07275,0
365,2026-12-31 16:57,6.078847,228.9918,27025.18,3191.994,62.0127,8.238779,6826.222,2640.015,7.655637,53.32353,100,23438.58,1616375,4.302067,0,8.23878,0,62.0127,0
365,2026-12-31 17:27,1.87651,234.4755,8324.78,1170.733,18.87891,3.036182,6835.875,2643.051,7.655637,7.209558,100,19554.73,1626152,4.892843,0,3.036182,0,18.87891,0
